{"cameraMode":{"drawMode":0,"name":"Shaded","section":"Shading Mode"},"sceneLighting":true,"audioPlay":false,"sceneViewState":{"showFog":true,"showMaterialUpdate":false,"showSkybox":true,"showFlares":true,"showImageEffects":true,"showParticleSystems":true},"in2DMode":false,"pivot":{"x":6.1701812744140629,"y":-1.026662826538086,"z":0.5522474646568298},"rotation":{"x":0.13705629110336305,"y":0.35400381684303286,"z":-0.05252929404377937,"w":0.9236583709716797},"size":22.79432487487793,"orthographic":false}